trial_id,run_block,within_block,condition_repeat,model_id,model_role,checkpoint,towel_id,color,towel_shape,pretrain_exposure,hil_exposure,test_regime,layout_id,layout_dx_mm,layout_dy_mm,layout_yaw_deg,executed_steps_m,runtime_config_id,trial_valid,invalid_reason,rerun_of,autonomous_success,correct_both_corner_grasp,lift_success,fold_success,full_task_success,fold_corner_error_mm,task_time_s,intervention_or_abort,failure_stage,failure_mode,episode_path,human_verified,notes
TS001,1,1,1,finetune10k,finetune_from_base20k_on_hil101,/home/alpha/lerobot_train/outputs/pick_corner_finetune/checkpoints/010000/pretrained_model,T-blue-pretrain-square,blue,square,yes,no,pretrain_seen_square,C,0,0,0,,,,,,,,,,,,,,,,,,
TS002,1,2,1,finetune10k,finetune_from_base20k_on_hil101,/home/alpha/lerobot_train/outputs/pick_corner_finetune/checkpoints/010000/pretrained_model,T-red-hil-square,red,square,no,yes,hil_seen_square,C,0,0,0,,,,,,,,,,,,,,,,,,
TS003,1,3,1,finetune10k,finetune_from_base20k_on_hil101,/home/alpha/lerobot_train/outputs/pick_corner_finetune/checkpoints/010000/pretrained_model,T-green-hil-square,green,square,no,yes,hil_seen_square,C,0,0,0,,,,,,,,,,,,,,,,,,
TS004,1,4,1,finetune10k,finetune_from_base20k_on_hil101,/home/alpha/lerobot_train/outputs/pick_corner_finetune/checkpoints/010000/pretrained_model,T-yellow-unseen-square,yellow,square,no,no,unseen_square,C,0,0,0,,,,,,,,,,,,,,,,,,
TS005,1,5,1,finetune10k,finetune_from_base20k_on_hil101,/home/alpha/lerobot_train/outputs/pick_corner_finetune/checkpoints/010000/pretrained_model,T-white-unseen-rectangle,white,rectangle,no,no,unseen_rectangle,C,0,0,0,,,,,,,,,,,,,,,,,,
TS006,1,6,1,base20k,blue_square_pretrain_only,/home/alpha/lerobot_train/outputs/pick_corner_orbbec_150/checkpoints/020000/pretrained_model,T-red-hil-square,red,square,no,yes,hil_seen_square,C,0,0,0,,,,,,,,,,,,,,,,,,
TS007,1,7,1,base20k,blue_square_pretrain_only,/home/alpha/lerobot_train/outputs/pick_corner_orbbec_150/checkpoints/020000/pretrained_model,T-green-hil-square,green,square,no,yes,hil_seen_square,C,0,0,0,,,,,,,,,,,,,,,,,,
TS008,1,8,1,base20k,blue_square_pretrain_only,/home/alpha/lerobot_train/outputs/pick_corner_orbbec_150/checkpoints/020000/pretrained_model,T-yellow-unseen-square,yellow,square,no,no,unseen_square,C,0,0,0,,,,,,,,,,,,,,,,,,
TS009,1,9,1,base20k,blue_square_pretrain_only,/home/alpha/lerobot_train/outputs/pick_corner_orbbec_150/checkpoints/020000/pretrained_model,T-white-unseen-rectangle,white,rectangle,no,no,unseen_rectangle,C,0,0,0,,,,,,,,,,,,,,,,,,
TS010,1,10,1,base20k,blue_square_pretrain_only,/home/alpha/lerobot_train/outputs/pick_corner_orbbec_150/checkpoints/020000/pretrained_model,T-blue-pretrain-square,blue,square,yes,no,pretrain_seen_square,C,0,0,0,,,,,,,,,,,,,,,,,,
TS011,1,11,1,scratch20k,scratch20k_on_hil101,/home/alpha/lerobot_train/outputs/pick_corner_hil/checkpoints/020000/pretrained_model,T-green-hil-square,green,square,no,yes,hil_seen_square,C,0,0,0,,,,,,,,,,,,,,,,,,
TS012,1,12,1,scratch20k,scratch20k_on_hil101,/home/alpha/lerobot_train/outputs/pick_corner_hil/checkpoints/020000/pretrained_model,T-yellow-unseen-square,yellow,square,no,no,unseen_square,C,0,0,0,,,,,,,,,,,,,,,,,,
TS013,1,13,1,scratch20k,scratch20k_on_hil101,/home/alpha/lerobot_train/outputs/pick_corner_hil/checkpoints/020000/pretrained_model,T-white-unseen-rectangle,white,rectangle,no,no,unseen_rectangle,C,0,0,0,,,,,,,,,,,,,,,,,,
TS014,1,14,1,scratch20k,scratch20k_on_hil101,/home/alpha/lerobot_train/outputs/pick_corner_hil/checkpoints/020000/pretrained_model,T-blue-pretrain-square,blue,square,yes,no,pretrain_seen_square,C,0,0,0,,,,,,,,,,,,,,,,,,
TS015,1,15,1,scratch20k,scratch20k_on_hil101,/home/alpha/lerobot_train/outputs/pick_corner_hil/checkpoints/020000/pretrained_model,T-red-hil-square,red,square,no,yes,hil_seen_square,C,0,0,0,,,,,,,,,,,,,,,,,,
TS016,2,1,2,base20k,blue_square_pretrain_only,/home/alpha/lerobot_train/outputs/pick_corner_orbbec_150/checkpoints/020000/pretrained_model,T-red-hil-square,red,square,no,yes,hil_seen_square,C,0,0,0,,,,,,,,,,,,,,,,,,
TS017,2,2,2,base20k,blue_square_pretrain_only,/home/alpha/lerobot_train/outputs/pick_corner_orbbec_150/checkpoints/020000/pretrained_model,T-green-hil-square,green,square,no,yes,hil_seen_square,C,0,0,0,,,,,,,,,,,,,,,,,,
TS018,2,3,2,base20k,blue_square_pretrain_only,/home/alpha/lerobot_train/outputs/pick_corner_orbbec_150/checkpoints/020000/pretrained_model,T-yellow-unseen-square,yellow,square,no,no,unseen_square,C,0,0,0,,,,,,,,,,,,,,,,,,
TS019,2,4,2,base20k,blue_square_pretrain_only,/home/alpha/lerobot_train/outputs/pick_corner_orbbec_150/checkpoints/020000/pretrained_model,T-white-unseen-rectangle,white,rectangle,no,no,unseen_rectangle,C,0,0,0,,,,,,,,,,,,,,,,,,
TS020,2,5,2,base20k,blue_square_pretrain_only,/home/alpha/lerobot_train/outputs/pick_corner_orbbec_150/checkpoints/020000/pretrained_model,T-blue-pretrain-square,blue,square,yes,no,pretrain_seen_square,C,0,0,0,,,,,,,,,,,,,,,,,,
TS021,2,6,2,scratch20k,scratch20k_on_hil101,/home/alpha/lerobot_train/outputs/pick_corner_hil/checkpoints/020000/pretrained_model,T-green-hil-square,green,square,no,yes,hil_seen_square,C,0,0,0,,,,,,,,,,,,,,,,,,
TS022,2,7,2,scratch20k,scratch20k_on_hil101,/home/alpha/lerobot_train/outputs/pick_corner_hil/checkpoints/020000/pretrained_model,T-yellow-unseen-square,yellow,square,no,no,unseen_square,C,0,0,0,,,,,,,,,,,,,,,,,,
TS023,2,8,2,scratch20k,scratch20k_on_hil101,/home/alpha/lerobot_train/outputs/pick_corner_hil/checkpoints/020000/pretrained_model,T-white-unseen-rectangle,white,rectangle,no,no,unseen_rectangle,C,0,0,0,,,,,,,,,,,,,,,,,,
TS024,2,9,2,scratch20k,scratch20k_on_hil101,/home/alpha/lerobot_train/outputs/pick_corner_hil/checkpoints/020000/pretrained_model,T-blue-pretrain-square,blue,square,yes,no,pretrain_seen_square,C,0,0,0,,,,,,,,,,,,,,,,,,
TS025,2,10,2,scratch20k,scratch20k_on_hil101,/home/alpha/lerobot_train/outputs/pick_corner_hil/checkpoints/020000/pretrained_model,T-red-hil-square,red,square,no,yes,hil_seen_square,C,0,0,0,,,,,,,,,,,,,,,,,,
TS026,2,11,2,finetune10k,finetune_from_base20k_on_hil101,/home/alpha/lerobot_train/outputs/pick_corner_finetune/checkpoints/010000/pretrained_model,T-yellow-unseen-square,yellow,square,no,no,unseen_square,C,0,0,0,,,,,,,,,,,,,,,,,,
TS027,2,12,2,finetune10k,finetune_from_base20k_on_hil101,/home/alpha/lerobot_train/outputs/pick_corner_finetune/checkpoints/010000/pretrained_model,T-white-unseen-rectangle,white,rectangle,no,no,unseen_rectangle,C,0,0,0,,,,,,,,,,,,,,,,,,
TS028,2,13,2,finetune10k,finetune_from_base20k_on_hil101,/home/alpha/lerobot_train/outputs/pick_corner_finetune/checkpoints/010000/pretrained_model,T-blue-pretrain-square,blue,square,yes,no,pretrain_seen_square,C,0,0,0,,,,,,,,,,,,,,,,,,
TS029,2,14,2,finetune10k,finetune_from_base20k_on_hil101,/home/alpha/lerobot_train/outputs/pick_corner_finetune/checkpoints/010000/pretrained_model,T-red-hil-square,red,square,no,yes,hil_seen_square,C,0,0,0,,,,,,,,,,,,,,,,,,
TS030,2,15,2,finetune10k,finetune_from_base20k_on_hil101,/home/alpha/lerobot_train/outputs/pick_corner_finetune/checkpoints/010000/pretrained_model,T-green-hil-square,green,square,no,yes,hil_seen_square,C,0,0,0,,,,,,,,,,,,,,,,,,
TS031,3,1,3,scratch20k,scratch20k_on_hil101,/home/alpha/lerobot_train/outputs/pick_corner_hil/checkpoints/020000/pretrained_model,T-green-hil-square,green,square,no,yes,hil_seen_square,C,0,0,0,,,,,,,,,,,,,,,,,,
TS032,3,2,3,scratch20k,scratch20k_on_hil101,/home/alpha/lerobot_train/outputs/pick_corner_hil/checkpoints/020000/pretrained_model,T-yellow-unseen-square,yellow,square,no,no,unseen_square,C,0,0,0,,,,,,,,,,,,,,,,,,
TS033,3,3,3,scratch20k,scratch20k_on_hil101,/home/alpha/lerobot_train/outputs/pick_corner_hil/checkpoints/020000/pretrained_model,T-white-unseen-rectangle,white,rectangle,no,no,unseen_rectangle,C,0,0,0,,,,,,,,,,,,,,,,,,
TS034,3,4,3,scratch20k,scratch20k_on_hil101,/home/alpha/lerobot_train/outputs/pick_corner_hil/checkpoints/020000/pretrained_model,T-blue-pretrain-square,blue,square,yes,no,pretrain_seen_square,C,0,0,0,,,,,,,,,,,,,,,,,,
TS035,3,5,3,scratch20k,scratch20k_on_hil101,/home/alpha/lerobot_train/outputs/pick_corner_hil/checkpoints/020000/pretrained_model,T-red-hil-square,red,square,no,yes,hil_seen_square,C,0,0,0,,,,,,,,,,,,,,,,,,
TS036,3,6,3,finetune10k,finetune_from_base20k_on_hil101,/home/alpha/lerobot_train/outputs/pick_corner_finetune/checkpoints/010000/pretrained_model,T-yellow-unseen-square,yellow,square,no,no,unseen_square,C,0,0,0,,,,,,,,,,,,,,,,,,
TS037,3,7,3,finetune10k,finetune_from_base20k_on_hil101,/home/alpha/lerobot_train/outputs/pick_corner_finetune/checkpoints/010000/pretrained_model,T-white-unseen-rectangle,white,rectangle,no,no,unseen_rectangle,C,0,0,0,,,,,,,,,,,,,,,,,,
TS038,3,8,3,finetune10k,finetune_from_base20k_on_hil101,/home/alpha/lerobot_train/outputs/pick_corner_finetune/checkpoints/010000/pretrained_model,T-blue-pretrain-square,blue,square,yes,no,pretrain_seen_square,C,0,0,0,,,,,,,,,,,,,,,,,,
TS039,3,9,3,finetune10k,finetune_from_base20k_on_hil101,/home/alpha/lerobot_train/outputs/pick_corner_finetune/checkpoints/010000/pretrained_model,T-red-hil-square,red,square,no,yes,hil_seen_square,C,0,0,0,,,,,,,,,,,,,,,,,,
TS040,3,10,3,finetune10k,finetune_from_base20k_on_hil101,/home/alpha/lerobot_train/outputs/pick_corner_finetune/checkpoints/010000/pretrained_model,T-green-hil-square,green,square,no,yes,hil_seen_square,C,0,0,0,,,,,,,,,,,,,,,,,,
TS041,3,11,3,base20k,blue_square_pretrain_only,/home/alpha/lerobot_train/outputs/pick_corner_orbbec_150/checkpoints/020000/pretrained_model,T-white-unseen-rectangle,white,rectangle,no,no,unseen_rectangle,C,0,0,0,,,,,,,,,,,,,,,,,,
TS042,3,12,3,base20k,blue_square_pretrain_only,/home/alpha/lerobot_train/outputs/pick_corner_orbbec_150/checkpoints/020000/pretrained_model,T-blue-pretrain-square,blue,square,yes,no,pretrain_seen_square,C,0,0,0,,,,,,,,,,,,,,,,,,
TS043,3,13,3,base20k,blue_square_pretrain_only,/home/alpha/lerobot_train/outputs/pick_corner_orbbec_150/checkpoints/020000/pretrained_model,T-red-hil-square,red,square,no,yes,hil_seen_square,C,0,0,0,,,,,,,,,,,,,,,,,,
TS044,3,14,3,base20k,blue_square_pretrain_only,/home/alpha/lerobot_train/outputs/pick_corner_orbbec_150/checkpoints/020000/pretrained_model,T-green-hil-square,green,square,no,yes,hil_seen_square,C,0,0,0,,,,,,,,,,,,,,,,,,
TS045,3,15,3,base20k,blue_square_pretrain_only,/home/alpha/lerobot_train/outputs/pick_corner_orbbec_150/checkpoints/020000/pretrained_model,T-yellow-unseen-square,yellow,square,no,no,unseen_square,C,0,0,0,,,,,,,,,,,,,,,,,,
TS046,4,1,4,finetune10k,finetune_from_base20k_on_hil101,/home/alpha/lerobot_train/outputs/pick_corner_finetune/checkpoints/010000/pretrained_model,T-yellow-unseen-square,yellow,square,no,no,unseen_square,C,0,0,0,,,,,,,,,,,,,,,,,,
TS047,4,2,4,finetune10k,finetune_from_base20k_on_hil101,/home/alpha/lerobot_train/outputs/pick_corner_finetune/checkpoints/010000/pretrained_model,T-white-unseen-rectangle,white,rectangle,no,no,unseen_rectangle,C,0,0,0,,,,,,,,,,,,,,,,,,
TS048,4,3,4,finetune10k,finetune_from_base20k_on_hil101,/home/alpha/lerobot_train/outputs/pick_corner_finetune/checkpoints/010000/pretrained_model,T-blue-pretrain-square,blue,square,yes,no,pretrain_seen_square,C,0,0,0,,,,,,,,,,,,,,,,,,
TS049,4,4,4,finetune10k,finetune_from_base20k_on_hil101,/home/alpha/lerobot_train/outputs/pick_corner_finetune/checkpoints/010000/pretrained_model,T-red-hil-square,red,square,no,yes,hil_seen_square,C,0,0,0,,,,,,,,,,,,,,,,,,
TS050,4,5,4,finetune10k,finetune_from_base20k_on_hil101,/home/alpha/lerobot_train/outputs/pick_corner_finetune/checkpoints/010000/pretrained_model,T-green-hil-square,green,square,no,yes,hil_seen_square,C,0,0,0,,,,,,,,,,,,,,,,,,
TS051,4,6,4,base20k,blue_square_pretrain_only,/home/alpha/lerobot_train/outputs/pick_corner_orbbec_150/checkpoints/020000/pretrained_model,T-white-unseen-rectangle,white,rectangle,no,no,unseen_rectangle,C,0,0,0,,,,,,,,,,,,,,,,,,
TS052,4,7,4,base20k,blue_square_pretrain_only,/home/alpha/lerobot_train/outputs/pick_corner_orbbec_150/checkpoints/020000/pretrained_model,T-blue-pretrain-square,blue,square,yes,no,pretrain_seen_square,C,0,0,0,,,,,,,,,,,,,,,,,,
TS053,4,8,4,base20k,blue_square_pretrain_only,/home/alpha/lerobot_train/outputs/pick_corner_orbbec_150/checkpoints/020000/pretrained_model,T-red-hil-square,red,square,no,yes,hil_seen_square,C,0,0,0,,,,,,,,,,,,,,,,,,
TS054,4,9,4,base20k,blue_square_pretrain_only,/home/alpha/lerobot_train/outputs/pick_corner_orbbec_150/checkpoints/020000/pretrained_model,T-green-hil-square,green,square,no,yes,hil_seen_square,C,0,0,0,,,,,,,,,,,,,,,,,,
TS055,4,10,4,base20k,blue_square_pretrain_only,/home/alpha/lerobot_train/outputs/pick_corner_orbbec_150/checkpoints/020000/pretrained_model,T-yellow-unseen-square,yellow,square,no,no,unseen_square,C,0,0,0,,,,,,,,,,,,,,,,,,
TS056,4,11,4,scratch20k,scratch20k_on_hil101,/home/alpha/lerobot_train/outputs/pick_corner_hil/checkpoints/020000/pretrained_model,T-blue-pretrain-square,blue,square,yes,no,pretrain_seen_square,C,0,0,0,,,,,,,,,,,,,,,,,,
TS057,4,12,4,scratch20k,scratch20k_on_hil101,/home/alpha/lerobot_train/outputs/pick_corner_hil/checkpoints/020000/pretrained_model,T-red-hil-square,red,square,no,yes,hil_seen_square,C,0,0,0,,,,,,,,,,,,,,,,,,
TS058,4,13,4,scratch20k,scratch20k_on_hil101,/home/alpha/lerobot_train/outputs/pick_corner_hil/checkpoints/020000/pretrained_model,T-green-hil-square,green,square,no,yes,hil_seen_square,C,0,0,0,,,,,,,,,,,,,,,,,,
TS059,4,14,4,scratch20k,scratch20k_on_hil101,/home/alpha/lerobot_train/outputs/pick_corner_hil/checkpoints/020000/pretrained_model,T-yellow-unseen-square,yellow,square,no,no,unseen_square,C,0,0,0,,,,,,,,,,,,,,,,,,
TS060,4,15,4,scratch20k,scratch20k_on_hil101,/home/alpha/lerobot_train/outputs/pick_corner_hil/checkpoints/020000/pretrained_model,T-white-unseen-rectangle,white,rectangle,no,no,unseen_rectangle,C,0,0,0,,,,,,,,,,,,,,,,,,
TS061,5,1,5,base20k,blue_square_pretrain_only,/home/alpha/lerobot_train/outputs/pick_corner_orbbec_150/checkpoints/020000/pretrained_model,T-white-unseen-rectangle,white,rectangle,no,no,unseen_rectangle,C,0,0,0,,,,,,,,,,,,,,,,,,
TS062,5,2,5,base20k,blue_square_pretrain_only,/home/alpha/lerobot_train/outputs/pick_corner_orbbec_150/checkpoints/020000/pretrained_model,T-blue-pretrain-square,blue,square,yes,no,pretrain_seen_square,C,0,0,0,,,,,,,,,,,,,,,,,,
TS063,5,3,5,base20k,blue_square_pretrain_only,/home/alpha/lerobot_train/outputs/pick_corner_orbbec_150/checkpoints/020000/pretrained_model,T-red-hil-square,red,square,no,yes,hil_seen_square,C,0,0,0,,,,,,,,,,,,,,,,,,
TS064,5,4,5,base20k,blue_square_pretrain_only,/home/alpha/lerobot_train/outputs/pick_corner_orbbec_150/checkpoints/020000/pretrained_model,T-green-hil-square,green,square,no,yes,hil_seen_square,C,0,0,0,,,,,,,,,,,,,,,,,,
TS065,5,5,5,base20k,blue_square_pretrain_only,/home/alpha/lerobot_train/outputs/pick_corner_orbbec_150/checkpoints/020000/pretrained_model,T-yellow-unseen-square,yellow,square,no,no,unseen_square,C,0,0,0,,,,,,,,,,,,,,,,,,
TS066,5,6,5,scratch20k,scratch20k_on_hil101,/home/alpha/lerobot_train/outputs/pick_corner_hil/checkpoints/020000/pretrained_model,T-blue-pretrain-square,blue,square,yes,no,pretrain_seen_square,C,0,0,0,,,,,,,,,,,,,,,,,,
TS067,5,7,5,scratch20k,scratch20k_on_hil101,/home/alpha/lerobot_train/outputs/pick_corner_hil/checkpoints/020000/pretrained_model,T-red-hil-square,red,square,no,yes,hil_seen_square,C,0,0,0,,,,,,,,,,,,,,,,,,
TS068,5,8,5,scratch20k,scratch20k_on_hil101,/home/alpha/lerobot_train/outputs/pick_corner_hil/checkpoints/020000/pretrained_model,T-green-hil-square,green,square,no,yes,hil_seen_square,C,0,0,0,,,,,,,,,,,,,,,,,,
TS069,5,9,5,scratch20k,scratch20k_on_hil101,/home/alpha/lerobot_train/outputs/pick_corner_hil/checkpoints/020000/pretrained_model,T-yellow-unseen-square,yellow,square,no,no,unseen_square,C,0,0,0,,,,,,,,,,,,,,,,,,
TS070,5,10,5,scratch20k,scratch20k_on_hil101,/home/alpha/lerobot_train/outputs/pick_corner_hil/checkpoints/020000/pretrained_model,T-white-unseen-rectangle,white,rectangle,no,no,unseen_rectangle,C,0,0,0,,,,,,,,,,,,,,,,,,
TS071,5,11,5,finetune10k,finetune_from_base20k_on_hil101,/home/alpha/lerobot_train/outputs/pick_corner_finetune/checkpoints/010000/pretrained_model,T-red-hil-square,red,square,no,yes,hil_seen_square,C,0,0,0,,,,,,,,,,,,,,,,,,
TS072,5,12,5,finetune10k,finetune_from_base20k_on_hil101,/home/alpha/lerobot_train/outputs/pick_corner_finetune/checkpoints/010000/pretrained_model,T-green-hil-square,green,square,no,yes,hil_seen_square,C,0,0,0,,,,,,,,,,,,,,,,,,
TS073,5,13,5,finetune10k,finetune_from_base20k_on_hil101,/home/alpha/lerobot_train/outputs/pick_corner_finetune/checkpoints/010000/pretrained_model,T-yellow-unseen-square,yellow,square,no,no,unseen_square,C,0,0,0,,,,,,,,,,,,,,,,,,
TS074,5,14,5,finetune10k,finetune_from_base20k_on_hil101,/home/alpha/lerobot_train/outputs/pick_corner_finetune/checkpoints/010000/pretrained_model,T-white-unseen-rectangle,white,rectangle,no,no,unseen_rectangle,C,0,0,0,,,,,,,,,,,,,,,,,,
TS075,5,15,5,finetune10k,finetune_from_base20k_on_hil101,/home/alpha/lerobot_train/outputs/pick_corner_finetune/checkpoints/010000/pretrained_model,T-blue-pretrain-square,blue,square,yes,no,pretrain_seen_square,C,0,0,0,,,,,,,,,,,,,,,,,,
TS076,6,1,6,scratch20k,scratch20k_on_hil101,/home/alpha/lerobot_train/outputs/pick_corner_hil/checkpoints/020000/pretrained_model,T-blue-pretrain-square,blue,square,yes,no,pretrain_seen_square,C,0,0,0,,,,,,,,,,,,,,,,,,
TS077,6,2,6,scratch20k,scratch20k_on_hil101,/home/alpha/lerobot_train/outputs/pick_corner_hil/checkpoints/020000/pretrained_model,T-red-hil-square,red,square,no,yes,hil_seen_square,C,0,0,0,,,,,,,,,,,,,,,,,,
TS078,6,3,6,scratch20k,scratch20k_on_hil101,/home/alpha/lerobot_train/outputs/pick_corner_hil/checkpoints/020000/pretrained_model,T-green-hil-square,green,square,no,yes,hil_seen_square,C,0,0,0,,,,,,,,,,,,,,,,,,
TS079,6,4,6,scratch20k,scratch20k_on_hil101,/home/alpha/lerobot_train/outputs/pick_corner_hil/checkpoints/020000/pretrained_model,T-yellow-unseen-square,yellow,square,no,no,unseen_square,C,0,0,0,,,,,,,,,,,,,,,,,,
TS080,6,5,6,scratch20k,scratch20k_on_hil101,/home/alpha/lerobot_train/outputs/pick_corner_hil/checkpoints/020000/pretrained_model,T-white-unseen-rectangle,white,rectangle,no,no,unseen_rectangle,C,0,0,0,,,,,,,,,,,,,,,,,,
TS081,6,6,6,finetune10k,finetune_from_base20k_on_hil101,/home/alpha/lerobot_train/outputs/pick_corner_finetune/checkpoints/010000/pretrained_model,T-red-hil-square,red,square,no,yes,hil_seen_square,C,0,0,0,,,,,,,,,,,,,,,,,,
TS082,6,7,6,finetune10k,finetune_from_base20k_on_hil101,/home/alpha/lerobot_train/outputs/pick_corner_finetune/checkpoints/010000/pretrained_model,T-green-hil-square,green,square,no,yes,hil_seen_square,C,0,0,0,,,,,,,,,,,,,,,,,,
TS083,6,8,6,finetune10k,finetune_from_base20k_on_hil101,/home/alpha/lerobot_train/outputs/pick_corner_finetune/checkpoints/010000/pretrained_model,T-yellow-unseen-square,yellow,square,no,no,unseen_square,C,0,0,0,,,,,,,,,,,,,,,,,,
TS084,6,9,6,finetune10k,finetune_from_base20k_on_hil101,/home/alpha/lerobot_train/outputs/pick_corner_finetune/checkpoints/010000/pretrained_model,T-white-unseen-rectangle,white,rectangle,no,no,unseen_rectangle,C,0,0,0,,,,,,,,,,,,,,,,,,
TS085,6,10,6,finetune10k,finetune_from_base20k_on_hil101,/home/alpha/lerobot_train/outputs/pick_corner_finetune/checkpoints/010000/pretrained_model,T-blue-pretrain-square,blue,square,yes,no,pretrain_seen_square,C,0,0,0,,,,,,,,,,,,,,,,,,
TS086,6,11,6,base20k,blue_square_pretrain_only,/home/alpha/lerobot_train/outputs/pick_corner_orbbec_150/checkpoints/020000/pretrained_model,T-green-hil-square,green,square,no,yes,hil_seen_square,C,0,0,0,,,,,,,,,,,,,,,,,,
TS087,6,12,6,base20k,blue_square_pretrain_only,/home/alpha/lerobot_train/outputs/pick_corner_orbbec_150/checkpoints/020000/pretrained_model,T-yellow-unseen-square,yellow,square,no,no,unseen_square,C,0,0,0,,,,,,,,,,,,,,,,,,
TS088,6,13,6,base20k,blue_square_pretrain_only,/home/alpha/lerobot_train/outputs/pick_corner_orbbec_150/checkpoints/020000/pretrained_model,T-white-unseen-rectangle,white,rectangle,no,no,unseen_rectangle,C,0,0,0,,,,,,,,,,,,,,,,,,
TS089,6,14,6,base20k,blue_square_pretrain_only,/home/alpha/lerobot_train/outputs/pick_corner_orbbec_150/checkpoints/020000/pretrained_model,T-blue-pretrain-square,blue,square,yes,no,pretrain_seen_square,C,0,0,0,,,,,,,,,,,,,,,,,,
TS090,6,15,6,base20k,blue_square_pretrain_only,/home/alpha/lerobot_train/outputs/pick_corner_orbbec_150/checkpoints/020000/pretrained_model,T-red-hil-square,red,square,no,yes,hil_seen_square,C,0,0,0,,,,,,,,,,,,,,,,,,
TS091,7,1,7,finetune10k,finetune_from_base20k_on_hil101,/home/alpha/lerobot_train/outputs/pick_corner_finetune/checkpoints/010000/pretrained_model,T-red-hil-square,red,square,no,yes,hil_seen_square,C,0,0,0,,,,,,,,,,,,,,,,,,
TS092,7,2,7,finetune10k,finetune_from_base20k_on_hil101,/home/alpha/lerobot_train/outputs/pick_corner_finetune/checkpoints/010000/pretrained_model,T-green-hil-square,green,square,no,yes,hil_seen_square,C,0,0,0,,,,,,,,,,,,,,,,,,
TS093,7,3,7,finetune10k,finetune_from_base20k_on_hil101,/home/alpha/lerobot_train/outputs/pick_corner_finetune/checkpoints/010000/pretrained_model,T-yellow-unseen-square,yellow,square,no,no,unseen_square,C,0,0,0,,,,,,,,,,,,,,,,,,
TS094,7,4,7,finetune10k,finetune_from_base20k_on_hil101,/home/alpha/lerobot_train/outputs/pick_corner_finetune/checkpoints/010000/pretrained_model,T-white-unseen-rectangle,white,rectangle,no,no,unseen_rectangle,C,0,0,0,,,,,,,,,,,,,,,,,,
TS095,7,5,7,finetune10k,finetune_from_base20k_on_hil101,/home/alpha/lerobot_train/outputs/pick_corner_finetune/checkpoints/010000/pretrained_model,T-blue-pretrain-square,blue,square,yes,no,pretrain_seen_square,C,0,0,0,,,,,,,,,,,,,,,,,,
TS096,7,6,7,base20k,blue_square_pretrain_only,/home/alpha/lerobot_train/outputs/pick_corner_orbbec_150/checkpoints/020000/pretrained_model,T-green-hil-square,green,square,no,yes,hil_seen_square,C,0,0,0,,,,,,,,,,,,,,,,,,
TS097,7,7,7,base20k,blue_square_pretrain_only,/home/alpha/lerobot_train/outputs/pick_corner_orbbec_150/checkpoints/020000/pretrained_model,T-yellow-unseen-square,yellow,square,no,no,unseen_square,C,0,0,0,,,,,,,,,,,,,,,,,,
TS098,7,8,7,base20k,blue_square_pretrain_only,/home/alpha/lerobot_train/outputs/pick_corner_orbbec_150/checkpoints/020000/pretrained_model,T-white-unseen-rectangle,white,rectangle,no,no,unseen_rectangle,C,0,0,0,,,,,,,,,,,,,,,,,,
TS099,7,9,7,base20k,blue_square_pretrain_only,/home/alpha/lerobot_train/outputs/pick_corner_orbbec_150/checkpoints/020000/pretrained_model,T-blue-pretrain-square,blue,square,yes,no,pretrain_seen_square,C,0,0,0,,,,,,,,,,,,,,,,,,
TS100,7,10,7,base20k,blue_square_pretrain_only,/home/alpha/lerobot_train/outputs/pick_corner_orbbec_150/checkpoints/020000/pretrained_model,T-red-hil-square,red,square,no,yes,hil_seen_square,C,0,0,0,,,,,,,,,,,,,,,,,,
TS101,7,11,7,scratch20k,scratch20k_on_hil101,/home/alpha/lerobot_train/outputs/pick_corner_hil/checkpoints/020000/pretrained_model,T-yellow-unseen-square,yellow,square,no,no,unseen_square,C,0,0,0,,,,,,,,,,,,,,,,,,
TS102,7,12,7,scratch20k,scratch20k_on_hil101,/home/alpha/lerobot_train/outputs/pick_corner_hil/checkpoints/020000/pretrained_model,T-white-unseen-rectangle,white,rectangle,no,no,unseen_rectangle,C,0,0,0,,,,,,,,,,,,,,,,,,
TS103,7,13,7,scratch20k,scratch20k_on_hil101,/home/alpha/lerobot_train/outputs/pick_corner_hil/checkpoints/020000/pretrained_model,T-blue-pretrain-square,blue,square,yes,no,pretrain_seen_square,C,0,0,0,,,,,,,,,,,,,,,,,,
TS104,7,14,7,scratch20k,scratch20k_on_hil101,/home/alpha/lerobot_train/outputs/pick_corner_hil/checkpoints/020000/pretrained_model,T-red-hil-square,red,square,no,yes,hil_seen_square,C,0,0,0,,,,,,,,,,,,,,,,,,
TS105,7,15,7,scratch20k,scratch20k_on_hil101,/home/alpha/lerobot_train/outputs/pick_corner_hil/checkpoints/020000/pretrained_model,T-green-hil-square,green,square,no,yes,hil_seen_square,C,0,0,0,,,,,,,,,,,,,,,,,,
TS106,8,1,8,base20k,blue_square_pretrain_only,/home/alpha/lerobot_train/outputs/pick_corner_orbbec_150/checkpoints/020000/pretrained_model,T-green-hil-square,green,square,no,yes,hil_seen_square,C,0,0,0,,,,,,,,,,,,,,,,,,
TS107,8,2,8,base20k,blue_square_pretrain_only,/home/alpha/lerobot_train/outputs/pick_corner_orbbec_150/checkpoints/020000/pretrained_model,T-yellow-unseen-square,yellow,square,no,no,unseen_square,C,0,0,0,,,,,,,,,,,,,,,,,,
TS108,8,3,8,base20k,blue_square_pretrain_only,/home/alpha/lerobot_train/outputs/pick_corner_orbbec_150/checkpoints/020000/pretrained_model,T-white-unseen-rectangle,white,rectangle,no,no,unseen_rectangle,C,0,0,0,,,,,,,,,,,,,,,,,,
TS109,8,4,8,base20k,blue_square_pretrain_only,/home/alpha/lerobot_train/outputs/pick_corner_orbbec_150/checkpoints/020000/pretrained_model,T-blue-pretrain-square,blue,square,yes,no,pretrain_seen_square,C,0,0,0,,,,,,,,,,,,,,,,,,
TS110,8,5,8,base20k,blue_square_pretrain_only,/home/alpha/lerobot_train/outputs/pick_corner_orbbec_150/checkpoints/020000/pretrained_model,T-red-hil-square,red,square,no,yes,hil_seen_square,C,0,0,0,,,,,,,,,,,,,,,,,,
TS111,8,6,8,scratch20k,scratch20k_on_hil101,/home/alpha/lerobot_train/outputs/pick_corner_hil/checkpoints/020000/pretrained_model,T-yellow-unseen-square,yellow,square,no,no,unseen_square,C,0,0,0,,,,,,,,,,,,,,,,,,
TS112,8,7,8,scratch20k,scratch20k_on_hil101,/home/alpha/lerobot_train/outputs/pick_corner_hil/checkpoints/020000/pretrained_model,T-white-unseen-rectangle,white,rectangle,no,no,unseen_rectangle,C,0,0,0,,,,,,,,,,,,,,,,,,
TS113,8,8,8,scratch20k,scratch20k_on_hil101,/home/alpha/lerobot_train/outputs/pick_corner_hil/checkpoints/020000/pretrained_model,T-blue-pretrain-square,blue,square,yes,no,pretrain_seen_square,C,0,0,0,,,,,,,,,,,,,,,,,,
TS114,8,9,8,scratch20k,scratch20k_on_hil101,/home/alpha/lerobot_train/outputs/pick_corner_hil/checkpoints/020000/pretrained_model,T-red-hil-square,red,square,no,yes,hil_seen_square,C,0,0,0,,,,,,,,,,,,,,,,,,
TS115,8,10,8,scratch20k,scratch20k_on_hil101,/home/alpha/lerobot_train/outputs/pick_corner_hil/checkpoints/020000/pretrained_model,T-green-hil-square,green,square,no,yes,hil_seen_square,C,0,0,0,,,,,,,,,,,,,,,,,,
TS116,8,11,8,finetune10k,finetune_from_base20k_on_hil101,/home/alpha/lerobot_train/outputs/pick_corner_finetune/checkpoints/010000/pretrained_model,T-white-unseen-rectangle,white,rectangle,no,no,unseen_rectangle,C,0,0,0,,,,,,,,,,,,,,,,,,
TS117,8,12,8,finetune10k,finetune_from_base20k_on_hil101,/home/alpha/lerobot_train/outputs/pick_corner_finetune/checkpoints/010000/pretrained_model,T-blue-pretrain-square,blue,square,yes,no,pretrain_seen_square,C,0,0,0,,,,,,,,,,,,,,,,,,
TS118,8,13,8,finetune10k,finetune_from_base20k_on_hil101,/home/alpha/lerobot_train/outputs/pick_corner_finetune/checkpoints/010000/pretrained_model,T-red-hil-square,red,square,no,yes,hil_seen_square,C,0,0,0,,,,,,,,,,,,,,,,,,
TS119,8,14,8,finetune10k,finetune_from_base20k_on_hil101,/home/alpha/lerobot_train/outputs/pick_corner_finetune/checkpoints/010000/pretrained_model,T-green-hil-square,green,square,no,yes,hil_seen_square,C,0,0,0,,,,,,,,,,,,,,,,,,
TS120,8,15,8,finetune10k,finetune_from_base20k_on_hil101,/home/alpha/lerobot_train/outputs/pick_corner_finetune/checkpoints/010000/pretrained_model,T-yellow-unseen-square,yellow,square,no,no,unseen_square,C,0,0,0,,,,,,,,,,,,,,,,,,
TS121,9,1,9,scratch20k,scratch20k_on_hil101,/home/alpha/lerobot_train/outputs/pick_corner_hil/checkpoints/020000/pretrained_model,T-yellow-unseen-square,yellow,square,no,no,unseen_square,C,0,0,0,,,,,,,,,,,,,,,,,,
TS122,9,2,9,scratch20k,scratch20k_on_hil101,/home/alpha/lerobot_train/outputs/pick_corner_hil/checkpoints/020000/pretrained_model,T-white-unseen-rectangle,white,rectangle,no,no,unseen_rectangle,C,0,0,0,,,,,,,,,,,,,,,,,,
TS123,9,3,9,scratch20k,scratch20k_on_hil101,/home/alpha/lerobot_train/outputs/pick_corner_hil/checkpoints/020000/pretrained_model,T-blue-pretrain-square,blue,square,yes,no,pretrain_seen_square,C,0,0,0,,,,,,,,,,,,,,,,,,
TS124,9,4,9,scratch20k,scratch20k_on_hil101,/home/alpha/lerobot_train/outputs/pick_corner_hil/checkpoints/020000/pretrained_model,T-red-hil-square,red,square,no,yes,hil_seen_square,C,0,0,0,,,,,,,,,,,,,,,,,,
TS125,9,5,9,scratch20k,scratch20k_on_hil101,/home/alpha/lerobot_train/outputs/pick_corner_hil/checkpoints/020000/pretrained_model,T-green-hil-square,green,square,no,yes,hil_seen_square,C,0,0,0,,,,,,,,,,,,,,,,,,
TS126,9,6,9,finetune10k,finetune_from_base20k_on_hil101,/home/alpha/lerobot_train/outputs/pick_corner_finetune/checkpoints/010000/pretrained_model,T-white-unseen-rectangle,white,rectangle,no,no,unseen_rectangle,C,0,0,0,,,,,,,,,,,,,,,,,,
TS127,9,7,9,finetune10k,finetune_from_base20k_on_hil101,/home/alpha/lerobot_train/outputs/pick_corner_finetune/checkpoints/010000/pretrained_model,T-blue-pretrain-square,blue,square,yes,no,pretrain_seen_square,C,0,0,0,,,,,,,,,,,,,,,,,,
TS128,9,8,9,finetune10k,finetune_from_base20k_on_hil101,/home/alpha/lerobot_train/outputs/pick_corner_finetune/checkpoints/010000/pretrained_model,T-red-hil-square,red,square,no,yes,hil_seen_square,C,0,0,0,,,,,,,,,,,,,,,,,,
TS129,9,9,9,finetune10k,finetune_from_base20k_on_hil101,/home/alpha/lerobot_train/outputs/pick_corner_finetune/checkpoints/010000/pretrained_model,T-green-hil-square,green,square,no,yes,hil_seen_square,C,0,0,0,,,,,,,,,,,,,,,,,,
TS130,9,10,9,finetune10k,finetune_from_base20k_on_hil101,/home/alpha/lerobot_train/outputs/pick_corner_finetune/checkpoints/010000/pretrained_model,T-yellow-unseen-square,yellow,square,no,no,unseen_square,C,0,0,0,,,,,,,,,,,,,,,,,,
TS131,9,11,9,base20k,blue_square_pretrain_only,/home/alpha/lerobot_train/outputs/pick_corner_orbbec_150/checkpoints/020000/pretrained_model,T-blue-pretrain-square,blue,square,yes,no,pretrain_seen_square,C,0,0,0,,,,,,,,,,,,,,,,,,
TS132,9,12,9,base20k,blue_square_pretrain_only,/home/alpha/lerobot_train/outputs/pick_corner_orbbec_150/checkpoints/020000/pretrained_model,T-red-hil-square,red,square,no,yes,hil_seen_square,C,0,0,0,,,,,,,,,,,,,,,,,,
TS133,9,13,9,base20k,blue_square_pretrain_only,/home/alpha/lerobot_train/outputs/pick_corner_orbbec_150/checkpoints/020000/pretrained_model,T-green-hil-square,green,square,no,yes,hil_seen_square,C,0,0,0,,,,,,,,,,,,,,,,,,
TS134,9,14,9,base20k,blue_square_pretrain_only,/home/alpha/lerobot_train/outputs/pick_corner_orbbec_150/checkpoints/020000/pretrained_model,T-yellow-unseen-square,yellow,square,no,no,unseen_square,C,0,0,0,,,,,,,,,,,,,,,,,,
TS135,9,15,9,base20k,blue_square_pretrain_only,/home/alpha/lerobot_train/outputs/pick_corner_orbbec_150/checkpoints/020000/pretrained_model,T-white-unseen-rectangle,white,rectangle,no,no,unseen_rectangle,C,0,0,0,,,,,,,,,,,,,,,,,,
TS136,10,1,10,finetune10k,finetune_from_base20k_on_hil101,/home/alpha/lerobot_train/outputs/pick_corner_finetune/checkpoints/010000/pretrained_model,T-white-unseen-rectangle,white,rectangle,no,no,unseen_rectangle,C,0,0,0,,,,,,,,,,,,,,,,,,
TS137,10,2,10,finetune10k,finetune_from_base20k_on_hil101,/home/alpha/lerobot_train/outputs/pick_corner_finetune/checkpoints/010000/pretrained_model,T-blue-pretrain-square,blue,square,yes,no,pretrain_seen_square,C,0,0,0,,,,,,,,,,,,,,,,,,
TS138,10,3,10,finetune10k,finetune_from_base20k_on_hil101,/home/alpha/lerobot_train/outputs/pick_corner_finetune/checkpoints/010000/pretrained_model,T-red-hil-square,red,square,no,yes,hil_seen_square,C,0,0,0,,,,,,,,,,,,,,,,,,
TS139,10,4,10,finetune10k,finetune_from_base20k_on_hil101,/home/alpha/lerobot_train/outputs/pick_corner_finetune/checkpoints/010000/pretrained_model,T-green-hil-square,green,square,no,yes,hil_seen_square,C,0,0,0,,,,,,,,,,,,,,,,,,
TS140,10,5,10,finetune10k,finetune_from_base20k_on_hil101,/home/alpha/lerobot_train/outputs/pick_corner_finetune/checkpoints/010000/pretrained_model,T-yellow-unseen-square,yellow,square,no,no,unseen_square,C,0,0,0,,,,,,,,,,,,,,,,,,
TS141,10,6,10,scratch20k,scratch20k_on_hil101,/home/alpha/lerobot_train/outputs/pick_corner_hil/checkpoints/020000/pretrained_model,T-blue-pretrain-square,blue,square,yes,no,pretrain_seen_square,C,0,0,0,,,,,,,,,,,,,,,,,,
TS142,10,7,10,scratch20k,scratch20k_on_hil101,/home/alpha/lerobot_train/outputs/pick_corner_hil/checkpoints/020000/pretrained_model,T-red-hil-square,red,square,no,yes,hil_seen_square,C,0,0,0,,,,,,,,,,,,,,,,,,
TS143,10,8,10,scratch20k,scratch20k_on_hil101,/home/alpha/lerobot_train/outputs/pick_corner_hil/checkpoints/020000/pretrained_model,T-green-hil-square,green,square,no,yes,hil_seen_square,C,0,0,0,,,,,,,,,,,,,,,,,,
TS144,10,9,10,scratch20k,scratch20k_on_hil101,/home/alpha/lerobot_train/outputs/pick_corner_hil/checkpoints/020000/pretrained_model,T-yellow-unseen-square,yellow,square,no,no,unseen_square,C,0,0,0,,,,,,,,,,,,,,,,,,
TS145,10,10,10,scratch20k,scratch20k_on_hil101,/home/alpha/lerobot_train/outputs/pick_corner_hil/checkpoints/020000/pretrained_model,T-white-unseen-rectangle,white,rectangle,no,no,unseen_rectangle,C,0,0,0,,,,,,,,,,,,,,,,,,
TS146,10,11,10,base20k,blue_square_pretrain_only,/home/alpha/lerobot_train/outputs/pick_corner_orbbec_150/checkpoints/020000/pretrained_model,T-red-hil-square,red,square,no,yes,hil_seen_square,C,0,0,0,,,,,,,,,,,,,,,,,,
TS147,10,12,10,base20k,blue_square_pretrain_only,/home/alpha/lerobot_train/outputs/pick_corner_orbbec_150/checkpoints/020000/pretrained_model,T-green-hil-square,green,square,no,yes,hil_seen_square,C,0,0,0,,,,,,,,,,,,,,,,,,
TS148,10,13,10,base20k,blue_square_pretrain_only,/home/alpha/lerobot_train/outputs/pick_corner_orbbec_150/checkpoints/020000/pretrained_model,T-yellow-unseen-square,yellow,square,no,no,unseen_square,C,0,0,0,,,,,,,,,,,,,,,,,,
TS149,10,14,10,base20k,blue_square_pretrain_only,/home/alpha/lerobot_train/outputs/pick_corner_orbbec_150/checkpoints/020000/pretrained_model,T-white-unseen-rectangle,white,rectangle,no,no,unseen_rectangle,C,0,0,0,,,,,,,,,,,,,,,,,,
TS150,10,15,10,base20k,blue_square_pretrain_only,/home/alpha/lerobot_train/outputs/pick_corner_orbbec_150/checkpoints/020000/pretrained_model,T-blue-pretrain-square,blue,square,yes,no,pretrain_seen_square,C,0,0,0,,,,,,,,,,,,,,,,,,
